Workbook

Sheet Base de datos 2024
A1: Columna2 | B1: Fecha de la operación | C1: Ubicación (Provincia) | D1: Segmento de cliente | E1: Categoría del piloto responsable | F1: Horas de trabajo | G1: Columna1 | H1: Valor de la hora de trabajo | I1: Valor total de la operación
A2: 01/01/2024 | B2: =DATEVALUE(Tabla1[[#This Row],[Columna2]]) -> 45292 | C2: A Coruña | D2: Inspecciones técnicas | E2: {=_xlfn.IFS(D2="Eventos particulares","Piloto Junior 1",D2="Federaciones y asociaciones deportivas","Piloto Junior 2",D2="Inspecciones agrícolas","Piloto Senior 1",D2="Inspecciones técnicas","Piloto Senior 2")} -> Piloto Senior 2 | F2: 15.43 | G2: {=_xlfn.IFS(D2="Eventos particulares","225",D2="Federaciones y asociaciones deportivas","250",D2="Inspecciones agrícolas","275",D2="Inspecciones técnicas","300")} -> 300 | H2: =VALUE(Tabla1[[#This Row],[Columna1]]) -> 300 | I2: =F2*H2 -> 4629
A3: 03/01/2024 | B3: =DATEVALUE(Tabla1[[#This Row],[Columna2]]) -> 45294 | C3: Pontevedra | D3: Inspecciones técnicas | E3: {=_xlfn.IFS(D3="Eventos particulares","Piloto Junior 1",D3="Federaciones y asociaciones deportivas","Piloto Junior 2",D3="Inspecciones agrícolas","Piloto Senior 1",D3="Inspecciones técnicas","Piloto Senior 2")} -> Piloto Senior 2 | F3: 12.75 | G3: {=_xlfn.IFS(D3="Eventos particulares","225",D3="Federaciones y asociaciones deportivas","250",D3="Inspecciones agrícolas","275",D3="Inspecciones técnicas","300")} -> 300 | H3: =VALUE(Tabla1[[#This Row],[Columna1]]) -> 300 | I3: =F3*H3 -> 3825
A4: 04/01/2024 | B4: =DATEVALUE(Tabla1[[#This Row],[Columna2]]) -> 45295 | C4: A Coruña | D4: Eventos particulares | E4: {=_xlfn.IFS(D4="Eventos particulares","Piloto Junior 1",D4="Federaciones y asociaciones deportivas","Piloto Junior 2",D4="Inspecciones agrícolas","Piloto Senior 1",D4="Inspecciones técnicas","Piloto Senior 2")} -> Piloto Junior 1 | F4: 10.67 | G4: {=_xlfn.IFS(D4="Eventos particulares","225",D4="Federaciones y asociaciones deportivas","250",D4="Inspecciones agrícolas","275",D4="Inspecciones técnicas","300")} -> 225 | H4: =VALUE(Tabla1[[#This Row],[Columna1]]) -> 225 | I4: =F4*H4 -> 2400.75
A5: 05/01/2024 | B5: =DATEVALUE(Tabla1[[#This Row],[Columna2]]) -> 45296 | C5: A Coruña | D5: Inspecciones técnicas | E5: {=_xlfn.IFS(D5="Eventos particulares","Piloto Junior 1",D5="Federaciones y asociaciones deportivas","Piloto Junior 2",D5="Inspecciones agrícolas","Piloto Senior 1",D5="Inspecciones técnicas","Piloto Senior 2")} -> Piloto Senior 2 | F5: 14 | G5: {=_xlfn.IFS(D5="Eventos particulares","225",D5="Federaciones y asociaciones deportivas","250",D5="Inspecciones agrícolas","275",D5="Inspecciones técnicas","300")} -> 300 | H5: =VALUE(Tabla1[[#This Row],[Columna1]]) -> 300 | I5: =F5*H5 -> 4200
A6: 05/01/2024 | B6: =DATEVALUE(Tabla1[[#This Row],[Columna2]]) -> 45296 | C6: Ourense | D6: Inspecciones técnicas | E6: {=_xlfn.IFS(D6="Eventos particulares","Piloto Junior 1",D6="Federaciones y asociaciones deportivas","Piloto Junior 2",D6="Inspecciones agrícolas","Piloto Senior 1",D6="Inspecciones técnicas","Piloto Senior 2")} -> Piloto Senior 2 | F6: 8.51 | G6: {=_xlfn.IFS(D6="Eventos particulares","225",D6="Federaciones y asociaciones deportivas","250",D6="Inspecciones agrícolas","275",D6="Inspecciones técnicas","300")} -> 300 | H6: =VALUE(Tabla1[[#This Row],[Columna1]]) -> 300 | I6: =F6*H6 -> 2553
A7: 05/01/2024 | B7: =DATEVALUE(Tabla1[[#This Row],[Columna2]]) -> 45296 | C7: Ourense | D7: Eventos particulares | E7: {=_xlfn.IFS(D7="Eventos particulares","Piloto Junior 1",D7="Federaciones y asociaciones deportivas","Piloto Junior 2",D7="Inspecciones agrícolas","Piloto Senior 1",D7="Inspecciones técnicas","Piloto Senior 2")} -> Piloto Junior 1 | F7: 15.27 | G7: {=_xlfn.IFS(D7="Eventos particulares","225",D7="Federaciones y asociaciones deportivas","250",D7="Inspecciones agrícolas","275",D7="Inspecciones técnicas","300")} -> 225 | H7: =VALUE(Tabla1[[#This Row],[Columna1]]) -> 225 | I7: =F7*H7 -> 3435.75
A8: 07/01/2024 | B8: =DATEVALUE(Tabla1[[#This Row],[Columna2]]) -> 45298 | C8: Pontevedra | D8: Eventos particulares | E8: {=_xlfn.IFS(D8="Eventos particulares","Piloto Junior 1",D8="Federaciones y asociaciones deportivas","Piloto Junior 2",D8="Inspecciones agrícolas","Piloto Senior 1",D8="Inspecciones técnicas","Piloto Senior 2")} -> Piloto Junior 1 | F8: 10.62 | G8: {=_xlfn.IFS(D8="Eventos particulares","225",D8="Federaciones y asociaciones deportivas","250",D8="Inspecciones agrícolas","275",D8="Inspecciones técnicas","300")} -> 225 | H8: =VALUE(Tabla1[[#This Row],[Columna1]]) -> 225 | I8: =F8*H8 -> 2389.5
A9: 09/01/2024 | B9: =DATEVALUE(Tabla1[[#This Row],[Columna2]]) -> 45300 | C9: Pontevedra | D9: Inspecciones agrícolas | E9: {=_xlfn.IFS(D9="Eventos particulares","Piloto Junior 1",D9="Federaciones y asociaciones deportivas","Piloto Junior 2",D9="Inspecciones agrícolas","Piloto Senior 1",D9="Inspecciones técnicas","Piloto Senior 2")} -> Piloto Senior 1 | F9: 7.1 | G9: {=_xlfn.IFS(D9="Eventos particulares","225",D9="Federaciones y asociaciones deportivas","250",D9="Inspecciones agrícolas","275",D9="Inspecciones técnicas","300")} -> 275 | H9: =VALUE(Tabla1[[#This Row],[Columna1]]) -> 275 | I9: =F9*H9 -> 1952.5
A10: 09/01/2024 | B10: =DATEVALUE(Tabla1[[#This Row],[Columna2]]) -> 45300 | C10: Ourense | D10: Inspecciones técnicas | E10: {=_xlfn.IFS(D10="Eventos particulares","Piloto Junior 1",D10="Federaciones y asociaciones deportivas","Piloto Junior 2",D10="Inspecciones agrícolas","Piloto Senior 1",D10="Inspecciones técnicas","Piloto Senior 2")} -> Piloto Senior 2 | F10: 13.26 | G10: {=_xlfn.IFS(D10="Eventos particulares","225",D10="Federaciones y asociaciones deportivas","250",D10="Inspecciones agrícolas","275",D10="Inspecciones técnicas","300")} -> 300 | H10: =VALUE(Tabla1[[#This Row],[Columna1]]) -> 300 | I10: =F10*H10 -> 3978
A11: 09/01/2024 | B11: =DATEVALUE(Tabla1[[#This Row],[Columna2]]) -> 45300 | C11: Ourense | D11: Inspecciones agrícolas | E11: {=_xlfn.IFS(D11="Eventos particulares","Piloto Junior 1",D11="Federaciones y asociaciones deportivas","Piloto Junior 2",D11="Inspecciones agrícolas","Piloto Senior 1",D11="Inspecciones técnicas","Piloto Senior 2")} -> Piloto Senior 1 | F11: 4.86 | G11: {=_xlfn.IFS(D11="Eventos particulares","225",D11="Federaciones y asociaciones deportivas","250",D11="Inspecciones agrícolas","275",D11="Inspecciones técnicas","300")} -> 275 | H11: =VALUE(Tabla1[[#This Row],[Columna1]]) -> 275 | I11: =F11*H11 -> 1336.5
A12: 11/01/2024 | B12: =DATEVALUE(Tabla1[[#This Row],[Columna2]]) -> 45302 | C12: A Coruña | D12: Inspecciones técnicas | E12: {=_xlfn.IFS(D12="Eventos particulares","Piloto Junior 1",D12="Federaciones y asociaciones deportivas","Piloto Junior 2",D12="Inspecciones agrícolas","Piloto Senior 1",D12="Inspecciones técnicas","Piloto Senior 2")} -> Piloto Senior 2 | F12: 13.84 | G12: {=_xlfn.IFS(D12="Eventos particulares","225",D12="Federaciones y asociaciones deportivas","250",D12="Inspecciones agrícolas","275",D12="Inspecciones técnicas","300")} -> 300 | H12: =VALUE(Tabla1[[#This Row],[Columna1]]) -> 300 | I12: =F12*H12 -> 4152
A13: 11/01/2024 | B13: =DATEVALUE(Tabla1[[#This Row],[Columna2]]) -> 45302 | C13: A Coruña | D13: Eventos particulares | E13: {=_xlfn.IFS(D13="Eventos particulares","Piloto Junior 1",D13="Federaciones y asociaciones deportivas","Piloto Junior 2",D13="Inspecciones agrícolas","Piloto Senior 1",D13="Inspecciones técnicas","Piloto Senior 2")} -> Piloto Junior 1 | F13: 14.95 | G13: {=_xlfn.IFS(D13="Eventos particulares","225",D13="Federaciones y asociaciones deportivas","250",D13="Inspecciones agrícolas","275",D13="Inspecciones técnicas","300")} -> 225 | H13: =VALUE(Tabla1[[#This Row],[Columna1]]) -> 225 | I13: =F13*H13 -> 3363.75
... A508: 30/12/2024 | B508: =DATEVALUE(Tabla1[[#This Row],[Columna2]]) -> 45656 | C508: Ourense | D508: Federaciones y asociaciones deportivas | E508: {=_xlfn.IFS(D508="Eventos particulares","Piloto Junior 1",D508="Federaciones y asociaciones deportivas","Piloto Junior 2",D508="Inspecciones agrícolas","Piloto Senior 1",D508="Inspecciones técnicas","Piloto Senior 2")} -> Piloto Junior 2 | F508: 8.36 | G508: {=_xlfn.IFS(D508="Eventos particulares","225",D508="Federaciones y asociaciones deportivas","250",D508="Inspecciones agrícolas","275",D508="Inspecciones técnicas","300")} -> 250 | H508: =VALUE(Tabla1[[#This Row],[Columna1]]) -> 250 | I508: =F508*H508 -> 2090

Sheet Estadística Descriptiva 1
B2: Valor total de la operación
B4: Media | C4: 2734.8397
B5: Error típico | C5: 44.126226
B6: Mediana | C6: 2713.5
B7: Moda | C7: 3825
B8: Desviación estándar | C8: 993.57526
B9: Varianza de la muestra | C9: 987191.79
B10: Curtosis | C10: -0.96059367
B11: Coeficiente de asimetría | C11: 0.15780195
B12: Rango | C12: 3845.25
B13: Mínimo | C13: 951.75
B14: Máximo | C14: 4797
B15: Suma | C15: 1386563.8
... B17: Nivel de confianza(95,0%) | C17: 86.693178

Sheet Dist operaciones por segmento
B2: Segmento de cliente | C2: Recuento
B3: Eventos particulares | C3: =(COUNTIF(Tabla1[Segmento de cliente],'Dist operaciones por segmento'!B3))/'Estadística Descriptiva 1'!$C$16 -> 0.2800789
B4: Federaciones y asociaciones deportivas | C4: =(COUNTIF(Tabla1[Segmento de cliente],'Dist operaciones por segmento'!B4))/'Estadística Descriptiva 1'!$C$16 -> 0.1183432
B5: Inspecciones agrícolas | C5: =(COUNTIF(Tabla1[Segmento de cliente],'Dist operaciones por segmento'!B5))/'Estadística Descriptiva 1'!$C$16 -> 0.18343195
B6: Inspecciones técnicas | C6: =(COUNTIF(Tabla1[Segmento de cliente],'Dist operaciones por segmento'!B6))/'Estadística Descriptiva 1'!$C$16 -> 0.41814596

Sheet Peso segmento en términos monet
B3: Suma de Valor total de la operación
A4: Eventos particulares | B4: 0.24253771
A5: Federaciones y asociaciones deportivas | B5: 0.10328771
A6: Inspecciones agrícolas | B6: 0.19633482
A7: Inspecciones técnicas | B7: 0.45783975

Sheet Eventos particulares
A1: Fecha de la operación | B1: Ubicación (Provincia) | C1: Segmento de cliente | D1: Categoría del piloto responsable | E1: Horas de trabajo | F1: Valor de la hora de trabajo | G1: Valor total de la operación
A2: 45295 | B2: A Coruña | C2: Eventos particulares | D2: Piloto Junior 1 | E2: 10.67 | F2: 225 | G2: 2400.75
A3: 45296 | B3: Ourense | C3: Eventos particulares | D3: Piloto Junior 1 | E3: 15.27 | F3: 225 | G3: 3435.75
A4: 45298 | B4: Pontevedra | C4: Eventos particulares | D4: Piloto Junior 1 | E4: 10.62 | F4: 225 | G4: 2389.5
A5: 45302 | B5: A Coruña | C5: Eventos particulares | D5: Piloto Junior 1 | E5: 14.95 | F5: 225 | G5: 3363.75
A6: 45304 | B6: Pontevedra | C6: Eventos particulares | D6: Piloto Junior 1 | E6: 12.15 | F6: 225 | G6: 2733.75
A7: 45305 | B7: Ourense | C7: Eventos particulares | D7: Piloto Junior 1 | E7: 5.34 | F7: 225 | G7: 1201.5
A8: 45306 | B8: Ourense | C8: Eventos particulares | D8: Piloto Junior 1 | E8: 12.94 | F8: 225 | G8: 2911.5
A9: 45311 | B9: Lugo | C9: Eventos particulares | D9: Piloto Junior 1 | E9: 9.2 | F9: 225 | G9: 2070
A10: 45314 | B10: Pontevedra | C10: Eventos particulares | D10: Piloto Junior 1 | E10: 15.6 | F10: 225 | G10: 3510
A11: 45316 | B11: A Coruña | C11: Eventos particulares | D11: Piloto Junior 1 | E11: 9.23 | F11: 225 | G11: 2076.75
A12: 45321 | B12: A Coruña | C12: Eventos particulares | D12: Piloto Junior 1 | E12: 8.49 | F12: 225 | G12: 1910.25
A13: 45324 | B13: Lugo | C13: Eventos particulares | D13: Piloto Junior 1 | E13: 11.55 | F13: 225 | G13: 2598.75
... A143: 45654 | B143: Ourense | C143: Eventos particulares | D143: Piloto Junior 1 | E143: 12.1 | F143: 225 | G143: 2722.5

Sheet Estadística Descriptiva 2
B2: Valor total de la operación
B4: Media | C4: 2368.2676
B5: Error típico | C5: 62.202565
B6: Mediana | C6: 2387.25
B7: Moda | C7: 3363.75
B8: Desviación estándar | C8: 741.22911
B9: Varianza de la muestra | C9: 549420.59
B10: Curtosis | C10: -1.0545647
B11: Coeficiente de asimetría | C11: -0.10346549
B12: Rango | C12: 2625.75
B13: Mínimo | C13: 951.75
B14: Máximo | C14: 3577.5
B15: Suma | C15: 336294
... B17: Nivel de confianza(95,0%) | C17: 122.97021

Sheet Base de datos 2024 2
A1: Fecha de la operación | B1: Ubicación (Provincia) | C1: Kilómetros recorridos | D1: Segmento de cliente | E1: Categoría del piloto responsable | F1: Horas de trabajo | G1: Valor de la hora de trabajo | H1: Valor total de la operación
A2: 45295 | B2: A Coruña | C2: 97 | D2: Eventos particulares | E2: Piloto Junior 1 | F2: 10.67 | G2: 225 | H2: 2400.75
A3: 45296 | B3: Ourense | C3: 133 | D3: Eventos particulares | E3: Piloto Junior 1 | F3: 15.27 | G3: 225 | H3: 3435.75
A4: 45298 | B4: Pontevedra | C4: 79 | D4: Eventos particulares | E4: Piloto Junior 1 | F4: 10.62 | G4: 225 | H4: 2389.5
A5: 45302 | B5: A Coruña | C5: 11 | D5: Eventos particulares | E5: Piloto Junior 1 | F5: 14.95 | G5: 225 | H5: 3363.75
A6: 45304 | B6: Pontevedra | C6: 57 | D6: Eventos particulares | E6: Piloto Junior 1 | F6: 12.15 | G6: 225 | H6: 2733.75
A7: 45305 | B7: Ourense | C7: 153 | D7: Eventos particulares | E7: Piloto Junior 1 | F7: 5.34 | G7: 225 | H7: 1201.5
A8: 45306 | B8: Ourense | C8: 205 | D8: Eventos particulares | E8: Piloto Junior 1 | F8: 12.94 | G8: 225 | H8: 2911.5
A9: 45311 | B9: Lugo | C9: 110 | D9: Eventos particulares | E9: Piloto Junior 1 | F9: 9.2 | G9: 225 | H9: 2070
A10: 45314 | B10: Pontevedra | C10: 85 | D10: Eventos particulares | E10: Piloto Junior 1 | F10: 15.6 | G10: 225 | H10: 3510
A11: 45316 | B11: A Coruña | C11: 57 | D11: Eventos particulares | E11: Piloto Junior 1 | F11: 9.23 | G11: 225 | H11: 2076.75
A12: 45321 | B12: A Coruña | C12: 51 | D12: Eventos particulares | E12: Piloto Junior 1 | F12: 8.49 | G12: 225 | H12: 1910.25
A13: 45324 | B13: Lugo | C13: 158 | D13: Eventos particulares | E13: Piloto Junior 1 | F13: 11.55 | G13: 225 | H13: 2598.75
... A143: 45654 | B143: Ourense | C143: 137 | D143: Eventos particulares | E143: Piloto Junior 1 | F143: 12.1 | G143: 225 | H143: 2722.5

Sheet Corrección - Agregación
A1: Kilómetros recorridos | B1: Promedio del Valor Total de la operación | C1: Verificación
A2: 97 | B2: =AVERAGEIF('Base de datos 2024 2'!$C$2:$C$143,'Corrección - Agregación'!A2,'Base de datos 2024 2'!$H$2:$H$143) -> 2171.25 | C2: =COUNTIF('Base de datos 2024 2'!$C$2:$C$143,'Corrección - Agregación'!A2) -> 2
A3: 133 | B3: =AVERAGEIF('Base de datos 2024 2'!$C$2:$C$143,'Corrección - Agregación'!A3,'Base de datos 2024 2'!$H$2:$H$143) -> 3012.75 | C3: =COUNTIF('Base de datos 2024 2'!$C$2:$C$143,'Corrección - Agregación'!A3) -> 2
A4: 79 | B4: =AVERAGEIF('Base de datos 2024 2'!$C$2:$C$143,'Corrección - Agregación'!A4,'Base de datos 2024 2'!$H$2:$H$143) -> 1998 | C4: =COUNTIF('Base de datos 2024 2'!$C$2:$C$143,'Corrección - Agregación'!A4) -> 2
A5: 11 | B5: =AVERAGEIF('Base de datos 2024 2'!$C$2:$C$143,'Corrección - Agregación'!A5,'Base de datos 2024 2'!$H$2:$H$143) -> 2414.25 | C5: =COUNTIF('Base de datos 2024 2'!$C$2:$C$143,'Corrección - Agregación'!A5) -> 2
A6: 57 | B6: =AVERAGEIF('Base de datos 2024 2'!$C$2:$C$143,'Corrección - Agregación'!A6,'Base de datos 2024 2'!$H$2:$H$143) -> 2218.05 | C6: =COUNTIF('Base de datos 2024 2'!$C$2:$C$143,'Corrección - Agregación'!A6) -> 5
A7: 153 | B7: =AVERAGEIF('Base de datos 2024 2'!$C$2:$C$143,'Corrección - Agregación'!A7,'Base de datos 2024 2'!$H$2:$H$143) -> 1201.5 | C7: =COUNTIF('Base de datos 2024 2'!$C$2:$C$143,'Corrección - Agregación'!A7) -> 1
A8: 205 | B8: =AVERAGEIF('Base de datos 2024 2'!$C$2:$C$143,'Corrección - Agregación'!A8,'Base de datos 2024 2'!$H$2:$H$143) -> 2911.5 | C8: =COUNTIF('Base de datos 2024 2'!$C$2:$C$143,'Corrección - Agregación'!A8) -> 1
A9: 110 | B9: =AVERAGEIF('Base de datos 2024 2'!$C$2:$C$143,'Corrección - Agregación'!A9,'Base de datos 2024 2'!$H$2:$H$143) -> 2070 | C9: =COUNTIF('Base de datos 2024 2'!$C$2:$C$143,'Corrección - Agregación'!A9) -> 1
A10: 85 | B10: =AVERAGEIF('Base de datos 2024 2'!$C$2:$C$143,'Corrección - Agregación'!A10,'Base de datos 2024 2'!$H$2:$H$143) -> 2965.5 | C10: =COUNTIF('Base de datos 2024 2'!$C$2:$C$143,'Corrección - Agregación'!A10) -> 3
A11: 51 | B11: =AVERAGEIF('Base de datos 2024 2'!$C$2:$C$143,'Corrección - Agregación'!A11,'Base de datos 2024 2'!$H$2:$H$143) -> 2284.875 | C11: =COUNTIF('Base de datos 2024 2'!$C$2:$C$143,'Corrección - Agregación'!A11) -> 2
A12: 158 | B12: =AVERAGEIF('Base de datos 2024 2'!$C$2:$C$143,'Corrección - Agregación'!A12,'Base de datos 2024 2'!$H$2:$H$143) -> 2408.625 | C12: =COUNTIF('Base de datos 2024 2'!$C$2:$C$143,'Corrección - Agregación'!A12) -> 2
A13: 116 | B13: =AVERAGEIF('Base de datos 2024 2'!$C$2:$C$143,'Corrección - Agregación'!A13,'Base de datos 2024 2'!$H$2:$H$143) -> 2254.5 | C13: =COUNTIF('Base de datos 2024 2'!$C$2:$C$143,'Corrección - Agregación'!A13) -> 3
... A100: 137 | B100: =AVERAGEIF('Base de datos 2024 2'!$C$2:$C$143,'Corrección - Agregación'!A100,'Base de datos 2024 2'!$H$2:$H$143) -> 2722.5 | C100: =COUNTIF('Base de datos 2024 2'!$C$2:$C$143,'Corrección - Agregación'!A100) -> 1

Sheet 1° Relación

Sheet 2° Relación

Sheet Base de datos histórica
B1: Banners en eventos | C1: Desarrollo página web | D1: Posicionamiento SEO | E1: Ferias | F1: Implementación de sugerencias | G1: Desarrollo de marca | H1: Acuerdos de exclusividad | I1: Alianzas estratégicas organizadores de eventos | J1: Alianzas estratégicas asociaciones agrícolas | K1: Material promocional para consumidores finales | L1: Material promocional asociaciones agrícolas | M1: Presupuesto de marketing | N1: Eventos particulares | O1: Federaciones y asociaciones deportivas | P1: Inspecciones agrícolas | Q1: Inspecciones técnicas | R1: Ventas totales
A2: 2020 | B2: 800 | C2: 9650.5 | D2: 14520 | E2: 30000 | F2: 5000 | G2: 2100.72 | H2: 0 | I2: 12250 | J2: 1750 | K2: 7000 | L2: 1000 | M2: =SUM(B2:L2) -> 84071.22 | N2: =(66400/79714)*N6 -> 280125.47 | O2: =(48000/78896)*O6 -> 87131.414 | P2: =(72500/96598)*P6 -> 204318.2 | Q2: =(262575/407181)*Q6 -> 409373.01 | R2: =SUM(N2:Q2) -> 980948.09
A3: 2021 | B3: 820 | C3: 3070.5 | D3: 14880.3 | E3: 30750 | F3: 5120.5 | G3: 0 | H3: 10000 | I3: 14350 | J3: 1790.38 | K3: 8200 | L3: 1020.5 | M3: =SUM(B3:L3) -> 90002.18 | N3: =(70444/79714)*N6 -> 297186.12 | O3: =(58339/78896)*O6 -> 105899.16 | P3: =(79156/96598)*P6 -> 223076.02 | Q3: =(289384/407181)*Q6 -> 451170.14 | R3: =SUM(N3:Q3) -> 1077331.4
A4: 2022 | B4: 1680.1 | C4: 3150.19 | D4: 15250.51 | E4: 37820.25 | F4: 5250.31 | G4: 0 | H4: 10250 | I4: 16540.74 | J4: 3670.72 | K4: 9450.56 | L4: 2100.13 | M4: =SUM(B4:L4) -> 105163.51 | N4: =(73649/79714)*N6 -> 310707.24 | O4: =(68767/78896)*O6 -> 124828.46 | P4: =(89248/96598)*P6 -> 251517.11 | Q4: =(289384/407181)*Q6 -> 451170.14 | R4: =SUM(N4:Q4) -> 1138222.9
A5: 2023 | B5: 1720.3 | C5: 3230.07 | D5: 15630.65 | E5: 38760.81 | F5: 5380.45 | G5: 0 | H5: 10500.63 | I5: 18840.56 | J5: 5650.37 | K5: 10760.89 | L5: 3230.07 | M5: =SUM(B5:L5) -> 113704.8 | N5: =(77000/79714)*N6 -> 324844.29 | O5: =(74011/78896)*O6 -> 134347.56 | P5: =(93309/96598)*P6 -> 262961.75 | Q5: =(378333/407181)*Q6 -> 589847.93 | R5: =SUM(N5:Q5) -> 1312001.5
A6: 2024 | B6: 2640.92 | C6: 3310.14 | D6: 16020.74 | E6: 46360.01 | F6: 5510.91 | G6: 0 | H6: 10760.89 | I6: 23180.01 | J6: 5790.5 | K6: 13240.57 | L6: 3310.15 | M6: =SUM(B6:L6) -> 130124.84 | N6: =SUMIF(Tabla1[Segmento de cliente],'Base de datos histórica'!N1,Tabla1[Valor total de la operación]) -> 336294 | O6: =SUMIF(Tabla1[Segmento de cliente],'Base de datos histórica'!O1,Tabla1[Valor total de la operación]) -> 143215 | P6: =SUMIF(Tabla1[Segmento de cliente],'Base de datos histórica'!P1,Tabla1[Valor total de la operación]) -> 272230.75 | Q6: =SUMIF(Tabla1[Segmento de cliente],'Base de datos histórica'!Q1,Tabla1[Valor total de la operación]) -> 634824 | R6: =SUM(N6:Q6) -> 1386563.8

Sheet 3° Relación

Sheet Análisis predictivo
B2: Resumen
B4: Estadísticas de la regresión
B5: Coeficiente de correlación múltiple | C5: 0.97474145
B6: Coeficiente de determinación R^2 | C6: 0.95012089
B7: R^2 ajustado | C7: 0.93349452
B8: Error típico | C8: 5721.3178
B9: Observaciones | C9: 5
B11: ANÁLISIS DE VARIANZA
C12: Grados de libertad | D12: Suma de cuadrados | E12: Promedio de los cuadrados | F12: F | G12: Valor crítico de F
B13: Regresión | C13: 1 | D13: 1.8705682e+09 | E13: 1.8705682e+09 | F13: 57.145418 | G13: 0.0048005858
B14: Residuos | C14: 3 | D14: 98200431 | E14: 32733477
B15: Total | C15: 4 | D15: 1.9687687e+09
C17: Coeficientes | D17: Error típico | E17: Estadístico t | F17: Probabilidad | G17: Inferior 95% | H17: Superior 95% | I17: Inferior 95,0% | J17: Superior 95,0%
B18: Intercepción | C18: 222635.03 | D18: 11815.114 | E18: 18.84324 | F18: 0.00032630083 | G18: 185034.06 | H18: 260236 | I18: 185034.06 | J18: 260236
B19: Variable X 1 | C19: 5.119484 | D19: 0.6772289 | E19: 7.5594589 | F19: 0.0048005858 | G19: 2.9642394 | H19: 7.2747286 | I19: 2.9642394 | J19: 7.2747286

Sheet Análisis de escenarios
B2: Escenario | C2: Ventas eventos particulares | D2: Variación
B3: Pesimista | C3: =222635.0315+5.119484013*22345.94 -> 337034.71 | D3: =(C3-C4)/C4 -> -0.036343674
B4: Moderado | C4: 349745.76
B5: Optimista | C5: =222635.0315+5.119484013*27311.7 -> 362456.84 | D5: =(C5-C4)/C4 -> 0.03634378
